input_code,our_code,uri,type
61,VL61.1,http://data.vlaanderen.be/id/concept/Verkeerslichtconcept/45c13c91557317dd6b7b2b37023a3825,https://data.vlaanderen.be/ns/mobiliteit#Verkeerslichtconcept
76.1,WM76.1,http://data.vlaanderen.be/id/concept/Wegmarkeringsconcept/202b9afdd4724ae01517ab7585e18953,https://data.vlaanderen.be/ns/mobiliteit#Wegmarkeringconcept
62,VL62,http://data.vlaanderen.be/id/concept/Verkeerslichtconcept/f6202432ede2ff8b5d6038455776eb0d,https://data.vlaanderen.be/ns/mobiliteit#Verkeerslichtconcept
62bis,VL62bis,http://data.vlaanderen.be/id/concept/Verkeerslichtconcept/9c78205e98520de0e6d683e97179ba57,https://data.vlaanderen.be/ns/mobiliteit#Verkeerslichtconcept
62ter,VL62ter,http://data.vlaanderen.be/id/concept/Verkeerslichtconcept/ae0b8b2540921e82de0df629ec17622c,https://data.vlaanderen.be/ns/mobiliteit#Verkeerslichtconcept
63.1,VL63.1,http://data.vlaanderen.be/id/concept/Verkeerslichtconcept/00fb203200e318350886c833f6c98517,https://data.vlaanderen.be/ns/mobiliteit#Verkeerslichtconcept
63.2,,,
72.2,WM72.2,http://data.vlaanderen.be/id/concept/Wegmarkeringsconcept/bec46e9faa5af0b8da32e4f2d45df471,https://data.vlaanderen.be/ns/mobiliteit#Wegmarkeringconcept
72.3,WM72.3,http://data.vlaanderen.be/id/concept/Wegmarkeringsconcept/781fcd2bf57c055cbfe5bcca20c59844,https://data.vlaanderen.be/ns/mobiliteit#Wegmarkeringconcept
72.4,WM72.4,http://data.vlaanderen.be/id/concept/Wegmarkeringsconcept/1b97495ca8acf94c3927ec1abf0153b6,https://data.vlaanderen.be/ns/mobiliteit#Wegmarkeringconcept
72.5,WM72.5,http://data.vlaanderen.be/id/concept/Wegmarkeringsconcept/2459b5097db8d047623e0cb56f379b0e,https://data.vlaanderen.be/ns/mobiliteit#Wegmarkeringconcept
F17,F17l,http://data.vlaanderen.be/id/concept/Verkeersbordconcept/3674525b2c0a5d3fa43dcfe11525588b1391b809668234599144a9bfb2e45ea2,https://data.vlaanderen.be/ns/mobiliteit#Verkeersbordconcept
72.6,WM72.6,http://data.vlaanderen.be/id/concept/Wegmarkeringsconcept/dd1cc83a59b31d835a0fb0dfcd791351,https://data.vlaanderen.be/ns/mobiliteit#Wegmarkeringconcept
F18,F18,http://data.vlaanderen.be/id/concept/Verkeersbordconcept/4bab5d3b6d4cdfa0d66dcc14ee7107275e2e71e14aa7940e51bc3e94d804c993,https://data.vlaanderen.be/ns/mobiliteit#Verkeersbordconcept
74,WM74,http://data.vlaanderen.be/id/concept/Wegmarkeringsconcept/10b4bd00273285dfb7c8875d0793ab4f,https://data.vlaanderen.be/ns/mobiliteit#Wegmarkeringconcept
75.1.2,WM75.1.2,http://data.vlaanderen.be/id/concept/Wegmarkeringsconcept/15e6f7af9ba7162faff36112f2d3f10a,https://data.vlaanderen.be/ns/mobiliteit#Wegmarkeringconcept
75.2,WM75.2,http://data.vlaanderen.be/id/concept/Wegmarkeringsconcept/9179cde8679045eede189507de51789a,https://data.vlaanderen.be/ns/mobiliteit#Wegmarkeringconcept
76.3,WM76.3,http://data.vlaanderen.be/id/concept/Wegmarkeringsconcept/34b31ed053d2b54d905867eddeeb7bcf,https://data.vlaanderen.be/ns/mobiliteit#Wegmarkeringconcept
76.4,WM76.4,http://data.vlaanderen.be/id/concept/Wegmarkeringsconcept/3643bf425d87dd787415022f5334b8f7,https://data.vlaanderen.be/ns/mobiliteit#Wegmarkeringconcept
77.1,WM77.1,http://data.vlaanderen.be/id/concept/Wegmarkeringsconcept/e735019fc999d0180cdb4afb2ea6b75a,https://data.vlaanderen.be/ns/mobiliteit#Wegmarkeringconcept
77.4,WM77.4,http://data.vlaanderen.be/id/concept/Wegmarkeringsconcept/6e4088cc35ae34f65b8a1ba4350ce26e,https://data.vlaanderen.be/ns/mobiliteit#Wegmarkeringconcept
77.5,WM77.5,http://data.vlaanderen.be/id/concept/Wegmarkeringsconcept/a478a6e52ee388590b5c46fcf84bb4d0,https://data.vlaanderen.be/ns/mobiliteit#Wegmarkeringconcept
77.7,,,
77.8,WM77.8,http://data.vlaanderen.be/id/concept/Wegmarkeringsconcept/68decc688d862a9ff700c181b67b6bb4,https://data.vlaanderen.be/ns/mobiliteit#Wegmarkeringconcept
B1,B1,http://data.vlaanderen.be/id/concept/Verkeersbordconcept/e076d4553d8995d0739ad74dc30dbb5cf4095b6c0a9e9a68503e7a7da03f3b9e,https://data.vlaanderen.be/ns/mobiliteit#Verkeersbordconcept
B13,,,
B15,B15,http://data.vlaanderen.be/id/concept/Verkeersbordconcept/f46c41dce095d2e07a36a8e764c22834eebcc9283c48c36171e3a4ee483ca5ba,https://data.vlaanderen.be/ns/mobiliteit#Verkeersbordconcept
Type VIII,GVIII,http://data.vlaanderen.be/id/concept/Verkeersbordconcept/57fdbb852e7bdcb6450e61b8d6b837930a26881c6709e2e456c3544d5cb465c9,https://data.vlaanderen.be/ns/mobiliteit#Verkeersbordconcept
76.2,WM76.2,http://data.vlaanderen.be/id/concept/Wegmarkeringsconcept/053e2451065c5bd0946740fe662c2612,https://data.vlaanderen.be/ns/mobiliteit#Wegmarkeringconcept
B9,B9,http://data.vlaanderen.be/id/concept/Verkeersbordconcept/439b3909b6eae9c6a87120b407e1bdcc0245cda415266347b1f4b930f3573535,https://data.vlaanderen.be/ns/mobiliteit#Verkeersbordconcept
B11,B11,http://data.vlaanderen.be/id/concept/Verkeersbordconcept/e84d5732cf1299f012da33d3f8d76b0dfb7213ae86f0ed0fe76044f7f900424f,https://data.vlaanderen.be/ns/mobiliteit#Verkeersbordconcept
B19,B19,http://data.vlaanderen.be/id/concept/Verkeersbordconcept/64d0148e08734e74f31a183130ab616a3fdb25ab8bd1c60a9cbb6b918908b244,https://data.vlaanderen.be/ns/mobiliteit#Verkeersbordconcept
B21,B21,http://data.vlaanderen.be/id/concept/Verkeersbordconcept/00939dd22288b0ef321908552d49f97c6e77e53de6e14b303f32c9a499839557,https://data.vlaanderen.be/ns/mobiliteit#Verkeersbordconcept
M1,M1,http://data.vlaanderen.be/id/concept/Verkeersbordconcept/fa4db4e1284d3c686c2c7eb94bfbffb961d7358c980aa099c7ca0c4bfdfac9df,https://data.vlaanderen.be/ns/mobiliteit#Verkeersbordconcept
M10,M10,http://data.vlaanderen.be/id/concept/Verkeersbordconcept/367e8886caac739058332e5f9087d4412a15fafeed0ac1d270c71643a7dd727a,https://data.vlaanderen.be/ns/mobiliteit#Verkeersbordconcept
M8,M8,http://data.vlaanderen.be/id/concept/Verkeersbordconcept/0527c3b6261a500eade105ef371d355c2b950fcdd14302bdfc6711da2933f33a,https://data.vlaanderen.be/ns/mobiliteit#Verkeersbordconcept
M9,M9,http://data.vlaanderen.be/id/concept/Verkeersbordconcept/62da21c7e453f5de930d244fbcf47580bd1f1b1773faf0c4c15a81a8f2cc3879,https://data.vlaanderen.be/ns/mobiliteit#Verkeersbordconcept
B22,B22,http://data.vlaanderen.be/id/concept/Verkeersbordconcept/54047e29ccc04a916773bfca49532da57a6cbb2d13cca7c0dd6b676b84e75576,https://data.vlaanderen.be/ns/mobiliteit#Verkeersbordconcept
B23,B23,http://data.vlaanderen.be/id/concept/Verkeersbordconcept/3ab5a7784511d3c2b96b8d4a51d2b69bc0221e625d1f954f0ad7b0036e980cb9,https://data.vlaanderen.be/ns/mobiliteit#Verkeersbordconcept
B3,B3,http://data.vlaanderen.be/id/concept/Verkeersbordconcept/db7f076463027c70137d3b899b76586aa8ea0cc38001ed8d880d37d4810410a0,https://data.vlaanderen.be/ns/mobiliteit#Verkeersbordconcept
B5,B5,http://data.vlaanderen.be/id/concept/Verkeersbordconcept/1b0064d6a66dc26109c3173acb5254c81e508aa875ff16764b6d45cb34ef651a,https://data.vlaanderen.be/ns/mobiliteit#Verkeersbordconcept
B7,B7,http://data.vlaanderen.be/id/concept/Verkeersbordconcept/b60a7295d946865b349e22b018784376f5b299ac1410eae384388c652baeb289,https://data.vlaanderen.be/ns/mobiliteit#Verkeersbordconcept
C1,C1,http://data.vlaanderen.be/id/concept/Verkeersbordconcept/7d6a7b43528f9c71a42780a01dd1e43e1db1e2675c4f3e18effe6939bbc663ee,https://data.vlaanderen.be/ns/mobiliteit#Verkeersbordconcept
C11,C11,http://data.vlaanderen.be/id/concept/Verkeersbordconcept/fcc9d98e971d74253c641355dc88c94ea70f8a8a1a789ea4aef44a0f23a52728,https://data.vlaanderen.be/ns/mobiliteit#Verkeersbordconcept
C9,C9,http://data.vlaanderen.be/id/concept/Verkeersbordconcept/2ef0f718f6780fa8f69d02d8c3e8ad3cc9879e1a125b361b627a883198b41400,https://data.vlaanderen.be/ns/mobiliteit#Verkeersbordconcept
C13,C13,http://data.vlaanderen.be/id/concept/Verkeersbordconcept/bc67b2aed58af8cba5f38d177bfc2525b97410a84dec019d0a54a072bae6c776,https://data.vlaanderen.be/ns/mobiliteit#Verkeersbordconcept
C15,C15,http://data.vlaanderen.be/id/concept/Verkeersbordconcept/0c4c0e3561334e2bc50bca4979294fa85607520fa2a22bf25e4b32d350d924ae,https://data.vlaanderen.be/ns/mobiliteit#Verkeersbordconcept
C17,C17,http://data.vlaanderen.be/id/concept/Verkeersbordconcept/73038f34804b2c4b5552eadd2cb7c8c677f7e7386e48286ac75873cb030fd617,https://data.vlaanderen.be/ns/mobiliteit#Verkeersbordconcept
C19,C19,http://data.vlaanderen.be/id/concept/Verkeersbordconcept/ce89d1a5cdd2078c5ae18dfacba050fe2e2db116c57f2e9934a5ce6eddf2e893,https://data.vlaanderen.be/ns/mobiliteit#Verkeersbordconcept
F19,F19,http://data.vlaanderen.be/id/concept/Verkeersbordconcept/a14b8cd76fbf8e965f47adc3644eec7c9aaeb64927c755a6fb67de6d63a236ef,https://data.vlaanderen.be/ns/mobiliteit#Verkeersbordconcept
M11,M11,http://data.vlaanderen.be/id/concept/Verkeersbordconcept/0c471075e7f9f4f6b5c12abf3ed2acb4b1c2dd17545671ae2359ac2e9d524647,https://data.vlaanderen.be/ns/mobiliteit#Verkeersbordconcept
M17,M17,http://data.vlaanderen.be/id/concept/Verkeersbordconcept/87633686f31916bfc50b2225ce37ec54affbc79f79e9eea1e4a5cf64740697f4,https://data.vlaanderen.be/ns/mobiliteit#Verkeersbordconcept
M12,M12,http://data.vlaanderen.be/id/concept/Verkeersbordconcept/734eff1afee00937cb46123d801e75ac98a1d26e186d8f2386cc6df45e31d324,https://data.vlaanderen.be/ns/mobiliteit#Verkeersbordconcept
M18,M18,http://data.vlaanderen.be/id/concept/Verkeersbordconcept/a5124762c35c1d71e97bc164c78ed9e82ce7b2fd1967ebb7f6882633fc9faba9,https://data.vlaanderen.be/ns/mobiliteit#Verkeersbordconcept
M2,M2,http://data.vlaanderen.be/id/concept/Verkeersbordconcept/0354a9248d379808250847432a584e4dc2be39d0eaec787dff319a30e407e053,https://data.vlaanderen.be/ns/mobiliteit#Verkeersbordconcept
M4,M4,http://data.vlaanderen.be/id/concept/Verkeersbordconcept/600b30431b96653057da8e807aa49c299ea450433b59291ba1e2442656d309ab,https://data.vlaanderen.be/ns/mobiliteit#Verkeersbordconcept
Type IV,GIV,http://data.vlaanderen.be/id/concept/Verkeersbordconcept/4aab258f2269849dfae22e9bd2eed707d5000596a243e4b0c2d2aff3eb87c300,https://data.vlaanderen.be/ns/mobiliteit#Verkeersbordconcept
M3,M3,http://data.vlaanderen.be/id/concept/Verkeersbordconcept/bc312fc26af5cf71e7616e1d9fd0e3a34f8c44b0d97dfa8ab8a532d1faac3b87,https://data.vlaanderen.be/ns/mobiliteit#Verkeersbordconcept
M5,,,
C21,C21,http://data.vlaanderen.be/id/concept/Verkeersbordconcept/bedd100cbf5d1795b9f4a9cf5d63846a65e0d5deb7f1122848e826f5b9e221af,https://data.vlaanderen.be/ns/mobiliteit#Verkeersbordconcept
TypeIV,GIV,http://data.vlaanderen.be/id/concept/Verkeersbordconcept/4aab258f2269849dfae22e9bd2eed707d5000596a243e4b0c2d2aff3eb87c300,https://data.vlaanderen.be/ns/mobiliteit#Verkeersbordconcept
C22,C22,http://data.vlaanderen.be/id/concept/Verkeersbordconcept/25a693b6497cc1c6bd53f85f018fceb52641719bb1f06cbb6a67517f9fe11b1d,https://data.vlaanderen.be/ns/mobiliteit#Verkeersbordconcept
C23,C23,http://data.vlaanderen.be/id/concept/Verkeersbordconcept/2b08f73a820e4998ba2df0155922f480f1f13a286f34949dad8af8914d4f77cd,https://data.vlaanderen.be/ns/mobiliteit#Verkeersbordconcept
Type VIIa,GVIIa,http://data.vlaanderen.be/id/concept/Verkeersbordconcept/6b9d9a56cad922f1f99e67ff6b775a49acd896a04c8cdb1d69faab0255ef3260,https://data.vlaanderen.be/ns/mobiliteit#Verkeersbordconcept
C24a,C24a,http://data.vlaanderen.be/id/concept/Verkeersbordconcept/25edd560e9c1080dcc8275422f857a2b08c7f4efcfb9bb93eb4bf53b9719ead5,https://data.vlaanderen.be/ns/mobiliteit#Verkeersbordconcept
C24b,C24b,http://data.vlaanderen.be/id/concept/Verkeersbordconcept/b66e9e8ac16b07d9311e94a44dd7146b8e6ada618f414e8502eac53422c8b842,https://data.vlaanderen.be/ns/mobiliteit#Verkeersbordconcept
C24c,C24c,http://data.vlaanderen.be/id/concept/Verkeersbordconcept/6863e3797bc06c1ef11a793e4462a32ccfc45d31642213209c15f87339a279f5,https://data.vlaanderen.be/ns/mobiliteit#Verkeersbordconcept
C25,C25,http://data.vlaanderen.be/id/concept/Verkeersbordconcept/11a07b567d603a2f01a987ce4feea54c709a57449554debc5f5ae63c602c722b,https://data.vlaanderen.be/ns/mobiliteit#Verkeersbordconcept
C27,C27,http://data.vlaanderen.be/id/concept/Verkeersbordconcept/69789f034ab0b39016cd2d17ac594edf1aaf3f5b7e167fb85025483c2bd63bf2,https://data.vlaanderen.be/ns/mobiliteit#Verkeersbordconcept
C29,C29,http://data.vlaanderen.be/id/concept/Verkeersbordconcept/451d20f38b98efda6f0fa73fb26cccda41070b772e3c4fcc46caee62e004ea08,https://data.vlaanderen.be/ns/mobiliteit#Verkeersbordconcept
C3,C3,http://data.vlaanderen.be/id/concept/Verkeersbordconcept/e8cdf86215d2202a9001f93e1ed3b7577885fe972a799a30f29998bf0fb34e02,https://data.vlaanderen.be/ns/mobiliteit#Verkeersbordconcept
C31a,C31a,http://data.vlaanderen.be/id/concept/Verkeersbordconcept/22e5942e1f2f0e0e4162ec69933e317ede9c3c10200980665a682d30f19034e4,https://data.vlaanderen.be/ns/mobiliteit#Verkeersbordconcept
C31b,C31b,http://data.vlaanderen.be/id/concept/Verkeersbordconcept/361c936975bc1f56b7b6b3689c20ad9357ba6d0e0e97dad0bd718c395f4ba9e1,https://data.vlaanderen.be/ns/mobiliteit#Verkeersbordconcept
C33,C33,http://data.vlaanderen.be/id/concept/Verkeersbordconcept/dfa07fdaeb6870f1e2922ba694f0fbf5b929f2f9249b785d7c0591b0201ba4c8,https://data.vlaanderen.be/ns/mobiliteit#Verkeersbordconcept
C35,C35,http://data.vlaanderen.be/id/concept/Verkeersbordconcept/1a87027d46dd7d4a3cd3084db904dfe5d22e0cb0ae7dcc47ebed18eec7e52f81,https://data.vlaanderen.be/ns/mobiliteit#Verkeersbordconcept
C37,C37,http://data.vlaanderen.be/id/concept/Verkeersbordconcept/11a00892550b4d76a4021b11c9769d4d8812e80a42808da341d72e49f81c5a0c,https://data.vlaanderen.be/ns/mobiliteit#Verkeersbordconcept
C39,C39,http://data.vlaanderen.be/id/concept/Verkeersbordconcept/6cebe8cd9a145b9791d607b6b66fee19a080ab8efecdca98bef9dde1d7a3c228,https://data.vlaanderen.be/ns/mobiliteit#Verkeersbordconcept
C41,C41,http://data.vlaanderen.be/id/concept/Verkeersbordconcept/55162fd0c4ace95126afa15608016924b948ff4f6a955a6cb908d0c46262737c,https://data.vlaanderen.be/ns/mobiliteit#Verkeersbordconcept
Type V,GVa,http://data.vlaanderen.be/id/concept/Verkeersbordconcept/7caaef3cd26c046e13d8b8e83e779b6c77cb9e7330dd714ed902322f68be52e8,https://data.vlaanderen.be/ns/mobiliteit#Verkeersbordconcept
C43,C43,http://data.vlaanderen.be/id/concept/Verkeersbordconcept/1c6110b80aad28134ee6cc79cf506a65a0488d1c649841e152ffbdb5031bb5ee,https://data.vlaanderen.be/ns/mobiliteit#Verkeersbordconcept
C45,C45,http://data.vlaanderen.be/id/concept/Verkeersbordconcept/950eeeaa70a8d7b9c29056a248fa0e673881f37a10fdce925e969828af827272,https://data.vlaanderen.be/ns/mobiliteit#Verkeersbordconcept
Type VII,GVIIa,http://data.vlaanderen.be/id/concept/Verkeersbordconcept/6b9d9a56cad922f1f99e67ff6b775a49acd896a04c8cdb1d69faab0255ef3260,https://data.vlaanderen.be/ns/mobiliteit#Verkeersbordconcept
C46,C46,http://data.vlaanderen.be/id/concept/Verkeersbordconcept/4a03dff5c229e10fbe2544c11236dfce5ab592d70626a0a0671ee23c16585fa6,https://data.vlaanderen.be/ns/mobiliteit#Verkeersbordconcept
C47,C47,http://data.vlaanderen.be/id/concept/Verkeersbordconcept/36e7f05884aeb3cfe0ed5064713ca63ce7d9817dd14921eae9bd221766153216,https://data.vlaanderen.be/ns/mobiliteit#Verkeersbordconcept
C48,C48,http://data.vlaanderen.be/id/concept/Verkeersbordconcept/55f0a4e186dc201149bd8509e0ea6fe363b86ef16f6f0766557a946572deb168,https://data.vlaanderen.be/ns/mobiliteit#Verkeersbordconcept
C49,C49,http://data.vlaanderen.be/id/concept/Verkeersbordconcept/6d546c2d3ee4a4fb232dbc72a0f4d6e6b27344ceb4ec3d03f8f98cc669f5f280,https://data.vlaanderen.be/ns/mobiliteit#Verkeersbordconcept
C5,C5,http://data.vlaanderen.be/id/concept/Verkeersbordconcept/527b2109b1aacf1a69f31cdae3721302a51a118469ac337c85aba921fa0dca13,https://data.vlaanderen.be/ns/mobiliteit#Verkeersbordconcept
C7,C7,http://data.vlaanderen.be/id/concept/Verkeersbordconcept/47b523a23f2f2f578d171d5d78d343d01f9b215858733370177c5aab37baa29c,https://data.vlaanderen.be/ns/mobiliteit#Verkeersbordconcept
C6,C6,http://data.vlaanderen.be/id/concept/Verkeersbordconcept/81dacb65d15dc41b3f92ffeb9b6d8a776180c1261b69d74db5783bcdb3d3e79f,https://data.vlaanderen.be/ns/mobiliteit#Verkeersbordconcept
D1,D1,http://data.vlaanderen.be/id/concept/Verkeersbordconcept/ef95e7f29f423cb55cfb085749607778bfaf770137e9b0cfc3362f374094985f,https://data.vlaanderen.be/ns/mobiliteit#Verkeersbordconcept
D10,D10,http://data.vlaanderen.be/id/concept/Verkeersbordconcept/32a6431ad5ad20c5bc5eca29bcbbe0ce6bca180ac0a7fceed6e05127e60c16f0,https://data.vlaanderen.be/ns/mobiliteit#Verkeersbordconcept
D11,D11,http://data.vlaanderen.be/id/concept/Verkeersbordconcept/b0b50921fd34b0b2d4b4a8c72dbb7872071dc3b15a492ac77683707d308feae1,https://data.vlaanderen.be/ns/mobiliteit#Verkeersbordconcept
D13,D13,http://data.vlaanderen.be/id/concept/Verkeersbordconcept/4cdd5c7ae7f47341ae64e5a6f0d87ef4af6a73fc3cd2ba5b1a46cd0fa9c83465,https://data.vlaanderen.be/ns/mobiliteit#Verkeersbordconcept
D3,D3,http://data.vlaanderen.be/id/concept/Verkeersbordconcept/00ec95d849486cfd9c41ba02e2125ac2f719f6bb85d26ae78f6cbd006ffd1f42,https://data.vlaanderen.be/ns/mobiliteit#Verkeersbordconcept
D4,D4,http://data.vlaanderen.be/id/concept/Verkeersbordconcept/b220de78deaf7595b84fe86a8dc2b881009b6ea15428a0e2e7c4b679c61c29e5,https://data.vlaanderen.be/ns/mobiliteit#Verkeersbordconcept
D5,D5,http://data.vlaanderen.be/id/concept/Verkeersbordconcept/bc05e44f54e530335872114a61a3959f423b0f369f464e3717495b14d8ffd1ca,https://data.vlaanderen.be/ns/mobiliteit#Verkeersbordconcept
D7,D7,http://data.vlaanderen.be/id/concept/Verkeersbordconcept/7b796f77edc7d487881bd4fbc5faebda6d803ff899740de440211257d706c136,https://data.vlaanderen.be/ns/mobiliteit#Verkeersbordconcept
M13,M13,http://data.vlaanderen.be/id/concept/Verkeersbordconcept/9375ac24955c89adb412e5bb7e3c4f56d0ebde1022963bf84e52affd987715e3,https://data.vlaanderen.be/ns/mobiliteit#Verkeersbordconcept
M14,M14,http://data.vlaanderen.be/id/concept/Verkeersbordconcept/63eca6e1d18ff9e92f71db5b637c0763e87b2d97fbdd6b1eb58e11a3514f8d8f,https://data.vlaanderen.be/ns/mobiliteit#Verkeersbordconcept
M15,M15,http://data.vlaanderen.be/id/concept/Verkeersbordconcept/332f5e44542833f7c5723fc1c55d20b56a7bc79da379613d8f3c48c65276184d,https://data.vlaanderen.be/ns/mobiliteit#Verkeersbordconcept
M16,M16,http://data.vlaanderen.be/id/concept/Verkeersbordconcept/ccfce8f5c49bf6098900d566a57a37a34c152a713eded5f0e89d5badfac2a77f,https://data.vlaanderen.be/ns/mobiliteit#Verkeersbordconcept
M6,M6,http://data.vlaanderen.be/id/concept/Verkeersbordconcept/ce4b8d325e769ba3239378723a3d04af417ca4b8b1c76fcc18af1fd70448ebdc,https://data.vlaanderen.be/ns/mobiliteit#Verkeersbordconcept
M7,M7,http://data.vlaanderen.be/id/concept/Verkeersbordconcept/b177403ff3ec65e0de763fd5d54110e4b57d0665b84eeb89ab2d6e7268bc37c1,https://data.vlaanderen.be/ns/mobiliteit#Verkeersbordconcept
D9,D9,http://data.vlaanderen.be/id/concept/Verkeersbordconcept/eadf7c2db13f747a7241c4689a212e02f4c93f6957844fa4ff26fdf2ce6165bc,https://data.vlaanderen.be/ns/mobiliteit#Verkeersbordconcept
Drempel,,,
E1,E1,http://data.vlaanderen.be/id/concept/Verkeersbordconcept/b667a243b8ec32abc8cae6ff5cdff6dafb667cf1ddec6ff015824b451895d4d2,https://data.vlaanderen.be/ns/mobiliteit#Verkeersbordconcept
E11,E11,http://data.vlaanderen.be/id/concept/Verkeersbordconcept/c325e2c889471d83f36a825b68a0801de16c2a4ba7e36a4c897f6c3493125dcf,https://data.vlaanderen.be/ns/mobiliteit#Verkeersbordconcept
Type VIId,GVIId,http://data.vlaanderen.be/id/concept/Verkeersbordconcept/84567323c818fdb559cc3df4dbc141d3e24efcf6f528473c5c0ec20e180e56e2,https://data.vlaanderen.be/ns/mobiliteit#Verkeersbordconcept
Xa,GXa,http://data.vlaanderen.be/id/concept/Verkeersbordconcept/44354ebf53e7112f55f992b3290d810f5291438b536af1f3ca8e5c630e25c75d,https://data.vlaanderen.be/ns/mobiliteit#Verkeersbordconcept
Xb,GXb,http://data.vlaanderen.be/id/concept/Verkeersbordconcept/3536ac197567d5c95e40959ec4f822bc54c2726e405cea617bffa2117d80b9c8,https://data.vlaanderen.be/ns/mobiliteit#Verkeersbordconcept
Xd,GXd,http://data.vlaanderen.be/id/concept/Verkeersbordconcept/d6994e5d8b2cfedffaad046aa1a0701e892b2f4feb901fadbf7814f678ae5663,https://data.vlaanderen.be/ns/mobiliteit#Verkeersbordconcept
Xc,GXc,http://data.vlaanderen.be/id/concept/Verkeersbordconcept/735cd32e48f1535d2c9a1dc572e8e03a3d5907b7402675f901672d6c28d1a341,https://data.vlaanderen.be/ns/mobiliteit#Verkeersbordconcept
E3,E3,http://data.vlaanderen.be/id/concept/Verkeersbordconcept/137112aad6b994f965bfd6ceb7e88bf0162db8ac885e57439ef8cbee363fe579,https://data.vlaanderen.be/ns/mobiliteit#Verkeersbordconcept
E5,E5,http://data.vlaanderen.be/id/concept/Verkeersbordconcept/4f857c0f9709924a47488596aee4387e2729c35b5dd512c5492a9b78715bd326,https://data.vlaanderen.be/ns/mobiliteit#Verkeersbordconcept
E7,E7,http://data.vlaanderen.be/id/concept/Verkeersbordconcept/b5e9f13d81ac78f0002aac342f4eb866394598088cfe0276013b928afd1560f8,https://data.vlaanderen.be/ns/mobiliteit#Verkeersbordconcept
Type VIIb,GVIIb,http://data.vlaanderen.be/id/concept/Verkeersbordconcept/be92d225a5de7d82b9021b75dd48c7bdaf91a7b6243215ba7c03160817ee9476,https://data.vlaanderen.be/ns/mobiliteit#Verkeersbordconcept
E9a,E9a,http://data.vlaanderen.be/id/concept/Verkeersbordconcept/0b8edba107bc181f01ea9fcf241c76f6befff04e15a697acf1c6cdeb49e71868,https://data.vlaanderen.be/ns/mobiliteit#Verkeersbordconcept
TypeVIIb,GVIIb,http://data.vlaanderen.be/id/concept/Verkeersbordconcept/be92d225a5de7d82b9021b75dd48c7bdaf91a7b6243215ba7c03160817ee9476,https://data.vlaanderen.be/ns/mobiliteit#Verkeersbordconcept
TypeVIId,GVIId,http://data.vlaanderen.be/id/concept/Verkeersbordconcept/84567323c818fdb559cc3df4dbc141d3e24efcf6f528473c5c0ec20e180e56e2,https://data.vlaanderen.be/ns/mobiliteit#Verkeersbordconcept
Type VIIc,GVIIc,http://data.vlaanderen.be/id/concept/Verkeersbordconcept/f304fa07025853d008cb86709fea2a4c19894ce5031f41b04076e3039bce466a,https://data.vlaanderen.be/ns/mobiliteit#Verkeersbordconcept
Parkeerautomaat,,,
TypeVII,GVIIa,http://data.vlaanderen.be/id/concept/Verkeersbordconcept/6b9d9a56cad922f1f99e67ff6b775a49acd896a04c8cdb1d69faab0255ef3260,https://data.vlaanderen.be/ns/mobiliteit#Verkeersbordconcept
E9b,E9b,http://data.vlaanderen.be/id/concept/Verkeersbordconcept/f74b9e8e4ddd1760f32d54063f96a3964846464bed031a942863f59f5187a268,https://data.vlaanderen.be/ns/mobiliteit#Verkeersbordconcept
E9c,E9c,http://data.vlaanderen.be/id/concept/Verkeersbordconcept/9a99ae7486d2f485d6540fb82b5c12d732788b46dcc66a2a5fcd0966929c6a43,https://data.vlaanderen.be/ns/mobiliteit#Verkeersbordconcept
E9d,E9d,http://data.vlaanderen.be/id/concept/Verkeersbordconcept/4a2ec210cf9459059de87c11a70b40d957edeb78f302963e1a526a47406d11ec,https://data.vlaanderen.be/ns/mobiliteit#Verkeersbordconcept
E9e,E9e,http://data.vlaanderen.be/id/concept/Verkeersbordconcept/bd68717b59b32f5cfc66e459f72f7fef6ff8bc33d9276dcc2ca7c8ca7e860371,https://data.vlaanderen.be/ns/mobiliteit#Verkeersbordconcept
E9f,E9f,http://data.vlaanderen.be/id/concept/Verkeersbordconcept/47c9ffa15a0316eb8144e48eed44bef295c2ea742b37ab6675268611cbbb5b64,https://data.vlaanderen.be/ns/mobiliteit#Verkeersbordconcept
E9g,E9g,http://data.vlaanderen.be/id/concept/Verkeersbordconcept/4666c7f416e910d3b442c51c1c32bbe3ce9ad324c2f07badfad9610431bf1484,https://data.vlaanderen.be/ns/mobiliteit#Verkeersbordconcept
E9h,E9h,http://data.vlaanderen.be/id/concept/Verkeersbordconcept/5446d50a99626e166d9c93fa1a1be0a5be5cb038388d837a5efdc316a441c5c0,https://data.vlaanderen.be/ns/mobiliteit#Verkeersbordconcept
E9i,E9i,http://data.vlaanderen.be/id/concept/Verkeersbordconcept/c013a71f9cd0f6084cd5beac514f11edb27aeb99cb9ed375150567c71db3b061,https://data.vlaanderen.be/ns/mobiliteit#Verkeersbordconcept
F103,F103,http://data.vlaanderen.be/id/concept/Verkeersbordconcept/5a99bb07ee0886bcbc996b67327b2977bc70e67ad9ee9649d7e24f44f68b4684,https://data.vlaanderen.be/ns/mobiliteit#Verkeersbordconcept
F105,F105,http://data.vlaanderen.be/id/concept/Verkeersbordconcept/e6f178e53fc9ae0d1d17616ef08d3873f6892bfc46acf1f8850a77d34d4f85d2,https://data.vlaanderen.be/ns/mobiliteit#Verkeersbordconcept
F107,F107,http://data.vlaanderen.be/id/concept/Verkeersbordconcept/714232fc0cf75050ea8b89489ecc0f172cec1f6d737fdf4e26d7e517c4e9ea9b,https://data.vlaanderen.be/ns/mobiliteit#Verkeersbordconcept
F109,F109,http://data.vlaanderen.be/id/concept/Verkeersbordconcept/f942d05b3b11a3f66af963ab6f2c1b85fdf2c56d1db56dd91dec219844e94160,https://data.vlaanderen.be/ns/mobiliteit#Verkeersbordconcept
F111,F111,http://data.vlaanderen.be/id/concept/Verkeersbordconcept/ec0dd82c6870eef371bcd7e3bb57707aab6f3533f94cdefbe1dc079edbc4c8a9,https://data.vlaanderen.be/ns/mobiliteit#Verkeersbordconcept
F113,F113,http://data.vlaanderen.be/id/concept/Verkeersbordconcept/3037b526b0e73c6764ef1071f2658b5ba74287d2fdb30a4657355dfb621b85fe,https://data.vlaanderen.be/ns/mobiliteit#Verkeersbordconcept
F12a,F12a,http://data.vlaanderen.be/id/concept/Verkeersbordconcept/a03dc4c14ea95352be3a61e999b541bf18b13f979a0a8fe127feee53b4fae490,https://data.vlaanderen.be/ns/mobiliteit#Verkeersbordconcept
F12b,F12b,http://data.vlaanderen.be/id/concept/Verkeersbordconcept/79b74b6bfaa129c36bdd8fc39a0e071a15e6be38a4ec37bc0c34206fcc6a8d55,https://data.vlaanderen.be/ns/mobiliteit#Verkeersbordconcept
F13,F13,http://data.vlaanderen.be/id/concept/Verkeersbordconcept/62322bcd7dbc57bff8219bd973ea664671c3788c7444be7bd6e2b8a773f4308b,https://data.vlaanderen.be/ns/mobiliteit#Verkeersbordconcept
F15,F15,http://data.vlaanderen.be/id/concept/Verkeersbordconcept/538c99f7923838b697983a850a957fce6013d760e3a55b55b54bd5e212d40a61,https://data.vlaanderen.be/ns/mobiliteit#Verkeersbordconcept
F1a,F1a,http://data.vlaanderen.be/id/concept/Verkeersbordconcept/6bf808b4f6ff1a24e5646ab44302ae87252ec04dc0ffc5f49d14253b2e4c4c6c,https://data.vlaanderen.be/ns/mobiliteit#Verkeersbordconcept
F3a,F3a,http://data.vlaanderen.be/id/concept/Verkeersbordconcept/6ff25f28ed1b550860a007d3fbd8590b1839dd86adbc87b578dd57aa572e427d,https://data.vlaanderen.be/ns/mobiliteit#Verkeersbordconcept
F1b,F1b,http://data.vlaanderen.be/id/concept/Verkeersbordconcept/e8464868874fc0b87cad2fd84ecd58b1983561668765591ea58187afb5d39cd4,https://data.vlaanderen.be/ns/mobiliteit#Verkeersbordconcept
F3b,F3b,http://data.vlaanderen.be/id/concept/Verkeersbordconcept/13e1ea2149022c8b94bf4668ba2161fe61e8ea0154025218c48fd066a4031961,https://data.vlaanderen.be/ns/mobiliteit#Verkeersbordconcept
F4a,F4a,http://data.vlaanderen.be/id/concept/Verkeersbordconcept/ecedfa0ac528d4ba21050a5ff32e8f320fb7f1da82c799c29b1fa85fcf0a9024,https://data.vlaanderen.be/ns/mobiliteit#Verkeersbordconcept
A23,A23,http://data.vlaanderen.be/id/concept/Verkeersbordconcept/cbf8a964bc0e877ae0eb9574f982b5b0d9d5112d4a1673aed3e10b9250c27a77,https://data.vlaanderen.be/ns/mobiliteit#Verkeersbordconcept
F4b,F4b,http://data.vlaanderen.be/id/concept/Verkeersbordconcept/2721df3072ab4e96f50b345524806082f37252e7a1a802b14d640c3cfd7a1d49,https://data.vlaanderen.be/ns/mobiliteit#Verkeersbordconcept
F5,F5,http://data.vlaanderen.be/id/concept/Verkeersbordconcept/954557c970fea1888c7cd5fd11d1a1fd582517da4a05a02fc34599eb36853a76,https://data.vlaanderen.be/ns/mobiliteit#Verkeersbordconcept
F7,F7,http://data.vlaanderen.be/id/concept/Verkeersbordconcept/11d86f16056832a3cf2765f8de597aadf50d6699c4422afa408f34642c44b42c,https://data.vlaanderen.be/ns/mobiliteit#Verkeersbordconcept
F91,F91,http://data.vlaanderen.be/id/concept/Verkeersbordconcept/d2eaca5fcc21522d4f1732550bc78e8b6a935e974c6350896ee59ed2c92fbf42,https://data.vlaanderen.be/ns/mobiliteit#Verkeersbordconcept
F99a,F99a,http://data.vlaanderen.be/id/concept/Verkeersbordconcept/b01d15be48cc1bd95ada28cae1c18e37e64fbb723a83950eb6f9b1126b63c692,https://data.vlaanderen.be/ns/mobiliteit#Verkeersbordconcept
F101a,F101a,http://data.vlaanderen.be/id/concept/Verkeersbordconcept/02ee9abc37a79c9b74cab7eb93cc00c69aeeacac3fb2f6c34733a34c5ab94e9a,https://data.vlaanderen.be/ns/mobiliteit#Verkeersbordconcept
F99b,F99b,http://data.vlaanderen.be/id/concept/Verkeersbordconcept/31bdd8a00cbe10bbe2908760820ca07226cb9bfd829e84e87b859d21d4bf6da5,https://data.vlaanderen.be/ns/mobiliteit#Verkeersbordconcept
F101b,F101b,http://data.vlaanderen.be/id/concept/Verkeersbordconcept/a12dc2565be0dd45f62af20493a2dbc17d83b544db425a804bdbe56f6d99b8cd,https://data.vlaanderen.be/ns/mobiliteit#Verkeersbordconcept
F99c,F99c,http://data.vlaanderen.be/id/concept/Verkeersbordconcept/00c62afceb8661521659394983ff910b2b9cecd92b11ae0376bdb94b9d8c594c,https://data.vlaanderen.be/ns/mobiliteit#Verkeersbordconcept
F101c,F101c,http://data.vlaanderen.be/id/concept/Verkeersbordconcept/a044fe2e77e31276281d1e915f9cfbd97cc4bfc7505087987a13d9b27f2a1ca4,https://data.vlaanderen.be/ns/mobiliteit#Verkeersbordconcept
F9,F9,http://data.vlaanderen.be/id/concept/Verkeersbordconcept/5d898e118d9f413d489cefe38a675ecab0c3a1a554475275b32fdb1e7f3a25da,https://data.vlaanderen.be/ns/mobiliteit#Verkeersbordconcept
F11,F11,http://data.vlaanderen.be/id/concept/Verkeersbordconcept/b4ce49f90460d0ed702ae714771dda6504e1e85b17eb7e89ec6fe00dfa444fbc,https://data.vlaanderen.be/ns/mobiliteit#Verkeersbordconcept
Plateau,,,
